Time[s],Channel,Type,Data
0.000000000,CH0,WRITE,0x40034000=0x01
0.000001500,CH0,READ,0x40034004
0.000003000,CH0,WRITE,0x40034018=0x00
0.000005000,CH0,IRQ,0x10
0.000010000,CH0,WRITE,0x40034000=0x41
0.000012000,CH0,IRQ,0x10
