Time[s],Channel,Type,Data
0.000000000,CH2,WRITE,0x40005400=0x01
0.000000150,CH2,READ,0x40005414
0.000000500,CH2,IRQ,0x1f
0.000001000,CH2,WRITE,0x40005410=0x55
0.000001200,CH2,IRQ,0x1f
