Time[s],Channel,Type,Data
0.000000000,CH0,WRITE,0x4001380c=0x2004
0.000000150,CH0,READ,0x40013800
0.000000500,CH0,IRQ,0x25
0.000001000,CH0,WRITE,0x40013804=0x41
0.000001200,CH0,IRQ,0x25
