Time[s],Channel,Type,Data
0.000000000,CH2,WRITE,0x40000000=0x01
0.000000150,CH2,READ,0x40000010
0.000000500,CH2,IRQ,0x1c
0.000001000,CH2,WRITE,0x4000002c=0x3e8
0.000001200,CH2,IRQ,0x1c
