Time[s],Channel,Type,Data
0.000000000,CH1,WRITE,0x40003800=0x44
0.000000150,CH1,READ,0x40003808
0.000000500,CH1,IRQ,0x24
0.000001000,CH1,WRITE,0x4000380c=0x55
0.000001200,CH1,IRQ,0x24
